{
  "overall": {
    "count": 300,
    "accuracy": 0.49666666666666665,
    "intent_accuracy": 0.49666666666666665,
    "intent_consistency": 0.49666666666666665,
    "strict_intent_accuracy": 0.02,
    "completed_rate": 0.95,
    "parsed_answer_rate": 0.95,
    "has_box_rate": 0.9466666666666667,
    "raw_has_box_rate": 0.9466666666666667,
    "silence_rate": 0.0,
    "gaze_anchor_rate": 1.0,
    "point_hit_rate": 0.9466666666666667,
    "raw_point_hit_rate": 0.11666666666666667,
    "mean_proxy_iou": 0.3405108760188612,
    "raw_mean_proxy_iou": 0.035521405436440334,
    "mean_center_distance_norm": 0.018197119549792036,
    "raw_mean_center_distance_norm": 0.22140101260933434,
    "refinement_applied_rate": 0.83,
    "mean_latency_s": 11.226215582456453,
    "proxy_iou_ge_0_3": 0.46,
    "raw_proxy_iou_ge_0_3": 0.02666666666666667,
    "proxy_iou_ge_0_5": 0.20333333333333334,
    "raw_proxy_iou_ge_0_5": 0.006666666666666667
  },
  "by_dataset": {
    "ego4d": {
      "count": 96,
      "accuracy": 0.4895833333333333,
      "intent_accuracy": 0.4895833333333333,
      "intent_consistency": 0.4895833333333333,
      "strict_intent_accuracy": 0.010416666666666666,
      "completed_rate": 0.9270833333333334,
      "parsed_answer_rate": 0.9270833333333334,
      "has_box_rate": 0.9270833333333334,
      "raw_has_box_rate": 0.9270833333333334,
      "silence_rate": 0.0,
      "gaze_anchor_rate": 1.0,
      "point_hit_rate": 0.9270833333333334,
      "raw_point_hit_rate": 0.13541666666666666,
      "mean_proxy_iou": 0.34183561777488874,
      "raw_mean_proxy_iou": 0.04763768928128144,
      "mean_center_distance_norm": 0.017070758092313815,
      "raw_mean_center_distance_norm": 0.21084052175680892,
      "refinement_applied_rate": 0.7916666666666666,
      "mean_latency_s": 10.975865760674894,
      "proxy_iou_ge_0_3": 0.4375,
      "raw_proxy_iou_ge_0_3": 0.03125,
      "proxy_iou_ge_0_5": 0.21875,
      "raw_proxy_iou_ge_0_5": 0.010416666666666666
    },
    "egoexo": {
      "count": 123,
      "accuracy": 0.5447154471544715,
      "intent_accuracy": 0.5447154471544715,
      "intent_consistency": 0.5447154471544715,
      "strict_intent_accuracy": 0.016260162601626018,
      "completed_rate": 0.943089430894309,
      "parsed_answer_rate": 0.943089430894309,
      "has_box_rate": 0.943089430894309,
      "raw_has_box_rate": 0.943089430894309,
      "silence_rate": 0.0,
      "gaze_anchor_rate": 1.0,
      "point_hit_rate": 0.943089430894309,
      "raw_point_hit_rate": 0.056910569105691054,
      "mean_proxy_iou": 0.3365987441665475,
      "raw_mean_proxy_iou": 0.018364812147934662,
      "mean_center_distance_norm": 0.0057954955926210845,
      "raw_mean_center_distance_norm": 0.2072589125063909,
      "refinement_applied_rate": 0.8861788617886179,
      "mean_latency_s": 11.407712984482902,
      "proxy_iou_ge_0_3": 0.43902439024390244,
      "raw_proxy_iou_ge_0_3": 0.008130081300813009,
      "proxy_iou_ge_0_5": 0.14634146341463414,
      "raw_proxy_iou_ge_0_5": 0.0
    },
    "egtea": {
      "count": 81,
      "accuracy": 0.43209876543209874,
      "intent_accuracy": 0.43209876543209874,
      "intent_consistency": 0.43209876543209874,
      "strict_intent_accuracy": 0.037037037037037035,
      "completed_rate": 0.9876543209876543,
      "parsed_answer_rate": 0.9876543209876543,
      "has_box_rate": 0.9753086419753086,
      "raw_has_box_rate": 0.9753086419753086,
      "silence_rate": 0.0,
      "gaze_anchor_rate": 1.0,
      "point_hit_rate": 0.9753086419753086,
      "raw_point_hit_rate": 0.18518518518518517,
      "mean_proxy_iou": 0.3447628415705313,
      "raw_mean_proxy_iou": 0.047063374541197286,
      "mean_center_distance_norm": 0.03767603788836662,
      "raw_mean_center_distance_norm": 0.25406388979688127,
      "refinement_applied_rate": 0.7901234567901234,
      "mean_latency_s": 11.241558526250083,
      "proxy_iou_ge_0_3": 0.5185185185185185,
      "raw_proxy_iou_ge_0_3": 0.04938271604938271,
      "proxy_iou_ge_0_5": 0.2716049382716049,
      "raw_proxy_iou_ge_0_5": 0.012345679012345678
    }
  },
  "by_qa_type": {
    "causal": {
      "count": 100,
      "accuracy": 0.72,
      "intent_accuracy": 0.72,
      "intent_consistency": 0.72,
      "strict_intent_accuracy": 0.05,
      "completed_rate": 0.91,
      "parsed_answer_rate": 0.91,
      "has_box_rate": 0.91,
      "raw_has_box_rate": 0.91,
      "silence_rate": 0.0,
      "gaze_anchor_rate": 1.0,
      "point_hit_rate": 0.91,
      "raw_point_hit_rate": 0.1,
      "mean_proxy_iou": 0.3624609587594187,
      "raw_mean_proxy_iou": 0.02808706832792791,
      "mean_center_distance_norm": 0.021570268233646984,
      "raw_mean_center_distance_norm": 0.24134667365994925,
      "refinement_applied_rate": 0.81,
      "mean_latency_s": 12.905194323076572,
      "proxy_iou_ge_0_3": 0.48,
      "raw_proxy_iou_ge_0_3": 0.02,
      "proxy_iou_ge_0_5": 0.22,
      "raw_proxy_iou_ge_0_5": 0.0
    },
    "spatial": {
      "count": 100,
      "accuracy": 0.46,
      "intent_accuracy": 0.46,
      "intent_consistency": 0.46,
      "strict_intent_accuracy": 0.01,
      "completed_rate": 0.95,
      "parsed_answer_rate": 0.95,
      "has_box_rate": 0.94,
      "raw_has_box_rate": 0.94,
      "silence_rate": 0.0,
      "gaze_anchor_rate": 1.0,
      "point_hit_rate": 0.94,
      "raw_point_hit_rate": 0.1,
      "mean_proxy_iou": 0.32726251598736233,
      "raw_mean_proxy_iou": 0.03497098314645673,
      "mean_center_distance_norm": 0.012339768039790923,
      "raw_mean_center_distance_norm": 0.21263540871589043,
      "refinement_applied_rate": 0.84,
      "mean_latency_s": 11.54850541684274,
      "proxy_iou_ge_0_3": 0.44,
      "raw_proxy_iou_ge_0_3": 0.03,
      "proxy_iou_ge_0_5": 0.17,
      "raw_proxy_iou_ge_0_5": 0.01
    },
    "temporal": {
      "count": 100,
      "accuracy": 0.31,
      "intent_accuracy": 0.31,
      "intent_consistency": 0.31,
      "strict_intent_accuracy": 0.0,
      "completed_rate": 0.99,
      "parsed_answer_rate": 0.99,
      "has_box_rate": 0.99,
      "raw_has_box_rate": 0.99,
      "silence_rate": 0.0,
      "gaze_anchor_rate": 1.0,
      "point_hit_rate": 0.99,
      "raw_point_hit_rate": 0.15,
      "mean_proxy_iou": 0.3329137882771456,
      "raw_mean_proxy_iou": 0.04287761121556244,
      "mean_center_distance_norm": 0.020658074213522386,
      "raw_mean_center_distance_norm": 0.2113900187747664,
      "refinement_applied_rate": 0.84,
      "mean_latency_s": 9.373643868687479,
      "proxy_iou_ge_0_3": 0.46,
      "raw_proxy_iou_ge_0_3": 0.03,
      "proxy_iou_ge_0_5": 0.22,
      "raw_proxy_iou_ge_0_5": 0.01
    }
  },
  "by_status": {
    "completed": {
      "count": 285,
      "accuracy": 0.5228070175438596,
      "intent_accuracy": 0.5228070175438596,
      "intent_consistency": 0.5228070175438596,
      "strict_intent_accuracy": 0.021052631578947368,
      "completed_rate": 1.0,
      "parsed_answer_rate": 1.0,
      "has_box_rate": 0.9964912280701754,
      "raw_has_box_rate": 0.9964912280701754,
      "silence_rate": 0.0,
      "gaze_anchor_rate": 1.0,
      "point_hit_rate": 0.9964912280701754,
      "raw_point_hit_rate": 0.12280701754385964,
      "mean_proxy_iou": 0.3405108760188612,
      "raw_mean_proxy_iou": 0.035521405436440334,
      "mean_center_distance_norm": 0.018197119549792036,
      "raw_mean_center_distance_norm": 0.22140101260933434,
      "refinement_applied_rate": 0.8736842105263158,
      "mean_latency_s": 11.226215582456453,
      "proxy_iou_ge_0_3": 0.4842105263157895,
      "raw_proxy_iou_ge_0_3": 0.028070175438596492,
      "proxy_iou_ge_0_5": 0.21403508771929824,
      "raw_proxy_iou_ge_0_5": 0.007017543859649123
    },
    "error": {
      "count": 15,
      "accuracy": 0.0,
      "intent_accuracy": 0.0,
      "intent_consistency": 0.0,
      "strict_intent_accuracy": 0.0,
      "completed_rate": 0.0,
      "parsed_answer_rate": 0.0,
      "has_box_rate": 0.0,
      "raw_has_box_rate": 0.0,