{
  "overall": {
    "count": 300,
    "accuracy": 0.5433333333333333,
    "intent_accuracy": 0.55,
    "intent_consistency": 0.55,
    "strict_intent_accuracy": 0.043333333333333335,
    "completed_rate": 1.0,
    "parsed_answer_rate": 1.0,
    "has_box_rate": 0.9933333333333333,
    "raw_has_box_rate": 0.9933333333333333,
    "silence_rate": 0.0,
    "gaze_anchor_rate": 1.0,
    "point_hit_rate": 0.9933333333333333,
    "raw_point_hit_rate": 0.11,
    "mean_proxy_iou": 0.3453334443426179,
    "raw_mean_proxy_iou": 0.02721160219927112,
    "mean_center_distance_norm": 0.018282987496998356,
    "raw_mean_center_distance_norm": 0.219779183373102,
    "refinement_applied_rate": 0.8833333333333333,
    "mean_latency_s": 5.957973831999309,
    "proxy_iou_ge_0_3": 0.4766666666666667,
    "raw_proxy_iou_ge_0_3": 0.016666666666666666,
    "proxy_iou_ge_0_5": 0.23,
    "raw_proxy_iou_ge_0_5": 0.006666666666666667
  },
  "by_dataset": {
    "ego4d": {
      "count": 96,
      "accuracy": 0.5625,
      "intent_accuracy": 0.5729166666666666,
      "intent_consistency": 0.5729166666666666,
      "strict_intent_accuracy": 0.0625,
      "completed_rate": 1.0,
      "parsed_answer_rate": 1.0,
      "has_box_rate": 1.0,
      "raw_has_box_rate": 1.0,
      "silence_rate": 0.0,
      "gaze_anchor_rate": 1.0,
      "point_hit_rate": 1.0,
      "raw_point_hit_rate": 0.09375,
      "mean_proxy_iou": 0.35261740984637563,
      "raw_mean_proxy_iou": 0.034858339181056644,
      "mean_center_distance_norm": 0.009260556791772394,
      "raw_mean_center_distance_norm": 0.20669061828895266,
      "refinement_applied_rate": 0.90625,
      "mean_latency_s": 5.844331504166196,
      "proxy_iou_ge_0_3": 0.46875,
      "raw_proxy_iou_ge_0_3": 0.03125,
      "proxy_iou_ge_0_5": 0.22916666666666666,
      "raw_proxy_iou_ge_0_5": 0.020833333333333332
    },
    "egoexo": {
      "count": 123,
      "accuracy": 0.5447154471544715,
      "intent_accuracy": 0.5447154471544715,
      "intent_consistency": 0.5447154471544715,
      "strict_intent_accuracy": 0.04065040650406504,
      "completed_rate": 1.0,
      "parsed_answer_rate": 1.0,
      "has_box_rate": 1.0,
      "raw_has_box_rate": 1.0,
      "silence_rate": 0.0,
      "gaze_anchor_rate": 1.0,
      "point_hit_rate": 1.0,
      "raw_point_hit_rate": 0.056910569105691054,
      "mean_proxy_iou": 0.35926303713867624,
      "raw_mean_proxy_iou": 0.021273398447226127,
      "mean_center_distance_norm": 0.004519422878995167,
      "raw_mean_center_distance_norm": 0.20416287839957745,
      "refinement_applied_rate": 0.943089430894309,
      "mean_latency_s": 5.851581433332455,
      "proxy_iou_ge_0_3": 0.4634146341463415,
      "raw_proxy_iou_ge_0_3": 0.016260162601626018,
      "proxy_iou_ge_0_5": 0.24390243902439024,
      "raw_proxy_iou_ge_0_5": 0.0
    },
    "egtea": {
      "count": 81,
      "accuracy": 0.5185185185185185,
      "intent_accuracy": 0.5308641975308642,
      "intent_consistency": 0.5308641975308642,
      "strict_intent_accuracy": 0.024691358024691357,
      "completed_rate": 1.0,
      "parsed_answer_rate": 1.0,
      "has_box_rate": 0.9753086419753086,
      "raw_has_box_rate": 0.9753086419753086,
      "silence_rate": 0.0,
      "gaze_anchor_rate": 1.0,
      "point_hit_rate": 0.9753086419753086,
      "raw_point_hit_rate": 0.20987654320987653,
      "mean_proxy_iou": 0.3147941962125433,
      "raw_mean_proxy_iou": 0.027164922594842284,
      "mean_center_distance_norm": 0.05067630136682222,
      "raw_mean_center_distance_norm": 0.25999826894046735,
      "refinement_applied_rate": 0.7654320987654321,
      "mean_latency_s": 6.254219862962297,
      "proxy_iou_ge_0_3": 0.5061728395061729,
      "raw_proxy_iou_ge_0_3": 0.0,
      "proxy_iou_ge_0_5": 0.20987654320987653,
      "raw_proxy_iou_ge_0_5": 0.0
    }
  },
  "by_qa_type": {
    "causal": {
      "count": 100,
      "accuracy": 0.8,
      "intent_accuracy": 0.8,
      "intent_consistency": 0.8,
      "strict_intent_accuracy": 0.04,
      "completed_rate": 1.0,
      "parsed_answer_rate": 1.0,
      "has_box_rate": 0.99,
      "raw_has_box_rate": 0.99,
      "silence_rate": 0.0,
      "gaze_anchor_rate": 1.0,
      "point_hit_rate": 0.99,
      "raw_point_hit_rate": 0.12,
      "mean_proxy_iou": 0.3512587183100188,
      "raw_mean_proxy_iou": 0.02712161608135268,
      "mean_center_distance_norm": 0.024014388862956475,
      "raw_mean_center_distance_norm": 0.2367479743232502,
      "refinement_applied_rate": 0.87,
      "mean_latency_s": 6.304067746000073,
      "proxy_iou_ge_0_3": 0.53,
      "raw_proxy_iou_ge_0_3": 0.02,
      "proxy_iou_ge_0_5": 0.22,
      "raw_proxy_iou_ge_0_5": 0.0
    },
    "spatial": {
      "count": 100,
      "accuracy": 0.48,
      "intent_accuracy": 0.48,
      "intent_consistency": 0.48,
      "strict_intent_accuracy": 0.01,
      "completed_rate": 1.0,
      "parsed_answer_rate": 1.0,
      "has_box_rate": 1.0,
      "raw_has_box_rate": 1.0,
      "silence_rate": 0.0,
      "gaze_anchor_rate": 1.0,
      "point_hit_rate": 1.0,
      "raw_point_hit_rate": 0.08,
      "mean_proxy_iou": 0.34461931422118297,
      "raw_mean_proxy_iou": 0.023808424827786487,
      "mean_center_distance_norm": 0.011530686625455306,
      "raw_mean_center_distance_norm": 0.21100275358451412,
      "refinement_applied_rate": 0.92,
      "mean_latency_s": 5.832201832999708,
      "proxy_iou_ge_0_3": 0.43,
      "raw_proxy_iou_ge_0_3": 0.01,
      "proxy_iou_ge_0_5": 0.23,
      "raw_proxy_iou_ge_0_5": 0.01
    },
    "temporal": {
      "count": 100,
      "accuracy": 0.35,
      "intent_accuracy": 0.37,
      "intent_consistency": 0.37,
      "strict_intent_accuracy": 0.08,
      "completed_rate": 1.0,
      "parsed_answer_rate": 1.0,
      "has_box_rate": 0.99,
      "raw_has_box_rate": 0.99,
      "silence_rate": 0.0,
      "gaze_anchor_rate": 1.0,
      "point_hit_rate": 0.99,
      "raw_point_hit_rate": 0.13,
      "mean_proxy_iou": 0.3401295139322223,
      "raw_mean_proxy_iou": 0.030739141217679074,
      "mean_center_distance_norm": 0.0193720920618918,
      "raw_mean_center_distance_norm": 0.21167547301748713,
      "refinement_applied_rate": 0.86,
      "mean_latency_s": 5.737651916998147,
      "proxy_iou_ge_0_3": 0.47,
      "raw_proxy_iou_ge_0_3": 0.02,
      "proxy_iou_ge_0_5": 0.24,
      "raw_proxy_iou_ge_0_5": 0.01
    }
  },
  "by_status": {
    "completed": {
      "count": 300,
      "accuracy": 0.5433333333333333,
      "intent_accuracy": 0.55,
      "intent_consistency": 0.55,
      "strict_intent_accuracy": 0.043333333333333335,
      "completed_rate": 1.0,
      "parsed_answer_rate": 1.0,
      "has_box_rate": 0.9933333333333333,
      "raw_has_box_rate": 0.9933333333333333,
      "silence_rate": 0.0,
      "gaze_anchor_rate": 1.0,
      "point_hit_rate": 0.9933333333333333,
      "raw_point_hit_rate": 0.11,
      "mean_proxy_iou": 0.3453334443426179,
      "raw_mean_proxy_iou": 0.02721160219927112,
      "mean_center_distance_norm": 0.018282987496998356,
      "raw_mean_center_distance_norm": 0.219779183373102,
      "refinement_applied_rate": 0.8833333333333333,
      "mean_latency_s": 5.957973831999309,
      "proxy_iou_ge_0_3": 0.4766666666666667,
      "raw_proxy_iou_ge_0_3": 0.016666666666666666,
      "proxy_iou_ge_0_5": 0.23,
      "raw_proxy_iou_ge_0_5": 0.006666666666666667
    }
  }
}