{
  "overall": {
    "count": 300,
    "accuracy": 0.4766666666666667,
    "intent_accuracy": 0.4766666666666667,
    "intent_consistency": 0.4766666666666667,
    "strict_intent_accuracy": 0.05,
    "completed_rate": 0.94,
    "parsed_answer_rate": 0.94,
    "has_box_rate": 0.94,
    "raw_has_box_rate": 0.94,
    "silence_rate": 0.0,
    "gaze_anchor_rate": 1.0,
    "point_hit_rate": 0.94,
    "raw_point_hit_rate": 0.08666666666666667,
    "mean_proxy_iou": 0.36163411738805223,
    "raw_mean_proxy_iou": 0.03050778825898434,
    "mean_center_distance_norm": 0.015897032906156617,
    "raw_mean_center_distance_norm": 0.2190076181019066,
    "refinement_applied_rate": 0.8533333333333334,
    "mean_latency_s": 13.131128478368847,
    "proxy_iou_ge_0_3": 0.49333333333333335,
    "raw_proxy_iou_ge_0_3": 0.02,
    "proxy_iou_ge_0_5": 0.22,
    "raw_proxy_iou_ge_0_5": 0.0033333333333333335
  },
  "by_dataset": {
    "ego4d": {
      "count": 96,
      "accuracy": 0.5,
      "intent_accuracy": 0.5,
      "intent_consistency": 0.5,
      "strict_intent_accuracy": 0.052083333333333336,
      "completed_rate": 0.9479166666666666,
      "parsed_answer_rate": 0.9479166666666666,
      "has_box_rate": 0.9479166666666666,
      "raw_has_box_rate": 0.9479166666666666,
      "silence_rate": 0.0,
      "gaze_anchor_rate": 1.0,
      "point_hit_rate": 0.9479166666666666,
      "raw_point_hit_rate": 0.08333333333333333,
      "mean_proxy_iou": 0.39091441508789637,
      "raw_mean_proxy_iou": 0.04151570888692329,
      "mean_center_distance_norm": 0.011666359463741754,
      "raw_mean_center_distance_norm": 0.19665129972058645,
      "refinement_applied_rate": 0.8645833333333334,
      "mean_latency_s": 12.947872309890514,
      "proxy_iou_ge_0_3": 0.59375,
      "raw_proxy_iou_ge_0_3": 0.020833333333333332,
      "proxy_iou_ge_0_5": 0.28125,
      "raw_proxy_iou_ge_0_5": 0.0
    },
    "egoexo": {
      "count": 123,
      "accuracy": 0.5121951219512195,
      "intent_accuracy": 0.5121951219512195,
      "intent_consistency": 0.5121951219512195,
      "strict_intent_accuracy": 0.04878048780487805,
      "completed_rate": 0.9349593495934959,
      "parsed_answer_rate": 0.9349593495934959,
      "has_box_rate": 0.9349593495934959,
      "raw_has_box_rate": 0.9349593495934959,
      "silence_rate": 0.0,
      "gaze_anchor_rate": 1.0,
      "point_hit_rate": 0.9349593495934959,
      "raw_point_hit_rate": 0.04065040650406504,
      "mean_proxy_iou": 0.36168459928324,
      "raw_mean_proxy_iou": 0.019116275668037416,
      "mean_center_distance_norm": 0.0028966004369865117,
      "raw_mean_center_distance_norm": 0.21084594348489039,
      "refinement_applied_rate": 0.8943089430894309,
      "mean_latency_s": 13.609161629564756,
      "proxy_iou_ge_0_3": 0.43902439024390244,
      "raw_proxy_iou_ge_0_3": 0.008130081300813009,
      "proxy_iou_ge_0_5": 0.1951219512195122,
      "raw_proxy_iou_ge_0_5": 0.008130081300813009
    },
    "egtea": {
      "count": 81,
      "accuracy": 0.3950617283950617,
      "intent_accuracy": 0.3950617283950617,
      "intent_consistency": 0.3950617283950617,
      "strict_intent_accuracy": 0.04938271604938271,
      "completed_rate": 0.9382716049382716,
      "parsed_answer_rate": 0.9382716049382716,
      "has_box_rate": 0.9382716049382716,
      "raw_has_box_rate": 0.9382716049382716,
      "silence_rate": 0.0,
      "gaze_anchor_rate": 1.0,
      "point_hit_rate": 0.9382716049382716,
      "raw_point_hit_rate": 0.16049382716049382,
      "mean_proxy_iou": 0.3264984264849942,
      "raw_mean_proxy_iou": 0.03456440892762186,
      "mean_center_distance_norm": 0.04063441471160812,
      "raw_mean_center_distance_norm": 0.25812627012370926,
      "refinement_applied_rate": 0.7777777777777778,
      "mean_latency_s": 12.627213990789881,
      "proxy_iou_ge_0_3": 0.4567901234567901,
      "raw_proxy_iou_ge_0_3": 0.037037037037037035,
      "proxy_iou_ge_0_5": 0.18518518518518517,
      "raw_proxy_iou_ge_0_5": 0.0
    }
  },
  "by_qa_type": {
    "causal": {
      "count": 100,
      "accuracy": 0.71,
      "intent_accuracy": 0.71,
      "intent_consistency": 0.71,
      "strict_intent_accuracy": 0.12,
      "completed_rate": 0.97,
      "parsed_answer_rate": 0.97,
      "has_box_rate": 0.97,
      "raw_has_box_rate": 0.97,
      "silence_rate": 0.0,
      "gaze_anchor_rate": 1.0,
      "point_hit_rate": 0.97,
      "raw_point_hit_rate": 0.09,
      "mean_proxy_iou": 0.3824474723625958,
      "raw_mean_proxy_iou": 0.029616258532649393,
      "mean_center_distance_norm": 0.022454847185894546,
      "raw_mean_center_distance_norm": 0.23859357541853002,
      "refinement_applied_rate": 0.88,
      "mean_latency_s": 11.356663744328076,
      "proxy_iou_ge_0_3": 0.55,
      "raw_proxy_iou_ge_0_3": 0.02,
      "proxy_iou_ge_0_5": 0.27,
      "raw_proxy_iou_ge_0_5": 0.01
    },
    "spatial": {
      "count": 100,
      "accuracy": 0.41,
      "intent_accuracy": 0.41,
      "intent_consistency": 0.41,
      "strict_intent_accuracy": 0.01,
      "completed_rate": 0.95,
      "parsed_answer_rate": 0.95,
      "has_box_rate": 0.95,
      "raw_has_box_rate": 0.95,
      "silence_rate": 0.0,
      "gaze_anchor_rate": 1.0,
      "point_hit_rate": 0.95,
      "raw_point_hit_rate": 0.09,
      "mean_proxy_iou": 0.34820727170797616,
      "raw_mean_proxy_iou": 0.026290182062972303,
      "mean_center_distance_norm": 0.01169519152641576,
      "raw_mean_center_distance_norm": 0.20377789731026458,
      "refinement_applied_rate": 0.86,
      "mean_latency_s": 13.66772957473785,
      "proxy_iou_ge_0_3": 0.48,
      "raw_proxy_iou_ge_0_3": 0.0,
      "proxy_iou_ge_0_5": 0.2,
      "raw_proxy_iou_ge_0_5": 0.0
    },
    "temporal": {
      "count": 100,
      "accuracy": 0.31,
      "intent_accuracy": 0.31,
      "intent_consistency": 0.31,
      "strict_intent_accuracy": 0.02,
      "completed_rate": 0.9,
      "parsed_answer_rate": 0.9,
      "has_box_rate": 0.9,
      "raw_has_box_rate": 0.9,
      "silence_rate": 0.0,
      "gaze_anchor_rate": 1.0,
      "point_hit_rate": 0.9,
      "raw_point_hit_rate": 0.08,
      "mean_proxy_iou": 0.3533747274666799,
      "raw_mean_proxy_iou": 0.03592057683760248,
      "mean_center_distance_norm": 0.013264443416609976,
      "raw_mean_center_distance_norm": 0.21397412494072354,
      "refinement_applied_rate": 0.82,
      "mean_latency_s": 14.477194867778842,
      "proxy_iou_ge_0_3": 0.45,
      "raw_proxy_iou_ge_0_3": 0.04,
      "proxy_iou_ge_0_5": 0.19,
      "raw_proxy_iou_ge_0_5": 0.0
    }
  },
  "by_status": {
    "completed": {
      "count": 282,
      "accuracy": 0.5070921985815603,
      "intent_accuracy": 0.5070921985815603,
      "intent_consistency": 0.5070921985815603,
      "strict_intent_accuracy": 0.05319148936170213,
      "completed_rate": 1.0,
      "parsed_answer_rate": 1.0,
      "has_box_rate": 1.0,
      "raw_has_box_rate": 1.0,
      "silence_rate": 0.0,
      "gaze_anchor_rate": 1.0,
      "point_hit_rate": 1.0,
      "raw_point_hit_rate": 0.09219858156028368,
      "mean_proxy_iou": 0.36163411738805223,
      "raw_mean_proxy_iou": 0.03050778825898434,
      "mean_center_distance_norm": 0.015897032906156617,
      "raw_mean_center_distance_norm": 0.2190076181019066,
      "refinement_applied_rate": 0.9078014184397163,
      "mean_latency_s": 13.131128478368847,
      "proxy_iou_ge_0_3": 0.524822695035461,
      "raw_proxy_iou_ge_0_3": 0.02127659574468085,
      "proxy_iou_ge_0_5": 0.23404255319148937,
      "raw_proxy_iou_ge_0_5": 0.0035460992907801418
    },
    "error": {
      "count": 18,
      "accuracy": 0.0,
      "intent_accuracy": 0.0,
      "intent_consistency": 0.0,
      "strict_intent_accuracy": 0.0,
      "completed_rate": 0.0,
      "parsed_answer_rate": 0.0,
      "has_box_rate": 0.0,
      "raw_has_box_rate": 0.0,
      "silence_rate": 0.0,
      "gaze_anchor_rate": 1.0,
      "point_hit_rate": 0.0,
      "raw_point_hit_rate": 0.0,
      "mean_proxy_iou": null,