{
  "overall": {
    "count": 300,
    "accuracy": 0.5633333333333334,
    "intent_accuracy": 0.56,
    "intent_consistency": 0.56,
    "strict_intent_accuracy": 0.06666666666666667,
    "completed_rate": 1.0,
    "parsed_answer_rate": 1.0,
    "has_box_rate": 0.9933333333333333,
    "raw_has_box_rate": 0.9933333333333333,
    "silence_rate": 0.0,
    "gaze_anchor_rate": 1.0,
    "point_hit_rate": 0.9933333333333333,
    "raw_point_hit_rate": 0.11,
    "mean_proxy_iou": 0.358610553911748,
    "raw_mean_proxy_iou": 0.04054587700628976,
    "mean_center_distance_norm": 0.013475717211222248,
    "raw_mean_center_distance_norm": 0.19483350582806455,
    "refinement_applied_rate": 0.8833333333333333,
    "mean_latency_s": 5.673028760666979,
    "proxy_iou_ge_0_3": 0.51,
    "raw_proxy_iou_ge_0_3": 0.03333333333333333,
    "proxy_iou_ge_0_5": 0.26,
    "raw_proxy_iou_ge_0_5": 0.006666666666666667
  },
  "by_dataset": {
    "ego4d": {
      "count": 96,
      "accuracy": 0.5625,
      "intent_accuracy": 0.5625,
      "intent_consistency": 0.5625,
      "strict_intent_accuracy": 0.052083333333333336,
      "completed_rate": 1.0,
      "parsed_answer_rate": 1.0,
      "has_box_rate": 1.0,
      "raw_has_box_rate": 1.0,
      "silence_rate": 0.0,
      "gaze_anchor_rate": 1.0,
      "point_hit_rate": 1.0,
      "raw_point_hit_rate": 0.10416666666666667,
      "mean_proxy_iou": 0.36795257759446914,
      "raw_mean_proxy_iou": 0.045538434716059666,
      "mean_center_distance_norm": 0.00947267787502735,
      "raw_mean_center_distance_norm": 0.1935224121926522,
      "refinement_applied_rate": 0.8958333333333334,
      "mean_latency_s": 5.537614629167668,
      "proxy_iou_ge_0_3": 0.5520833333333334,
      "raw_proxy_iou_ge_0_3": 0.041666666666666664,
      "proxy_iou_ge_0_5": 0.28125,
      "raw_proxy_iou_ge_0_5": 0.020833333333333332
    },
    "egoexo": {
      "count": 123,
      "accuracy": 0.6097560975609756,
      "intent_accuracy": 0.6097560975609756,
      "intent_consistency": 0.6097560975609756,
      "strict_intent_accuracy": 0.08943089430894309,
      "completed_rate": 1.0,
      "parsed_answer_rate": 1.0,
      "has_box_rate": 1.0,
      "raw_has_box_rate": 1.0,
      "silence_rate": 0.0,
      "gaze_anchor_rate": 1.0,
      "point_hit_rate": 1.0,
      "raw_point_hit_rate": 0.056910569105691054,
      "mean_proxy_iou": 0.34042430984010286,
      "raw_mean_proxy_iou": 0.03330234509125661,
      "mean_center_distance_norm": 0.003689470127459537,
      "raw_mean_center_distance_norm": 0.1559537157772623,
      "refinement_applied_rate": 0.943089430894309,
      "mean_latency_s": 5.5674218560973125,
      "proxy_iou_ge_0_3": 0.43902439024390244,
      "raw_proxy_iou_ge_0_3": 0.016260162601626018,
      "proxy_iou_ge_0_5": 0.23577235772357724,
      "raw_proxy_iou_ge_0_5": 0.0
    },
    "egtea": {
      "count": 81,
      "accuracy": 0.49382716049382713,
      "intent_accuracy": 0.48148148148148145,
      "intent_consistency": 0.48148148148148145,
      "strict_intent_accuracy": 0.04938271604938271,
      "completed_rate": 1.0,
      "parsed_answer_rate": 1.0,
      "has_box_rate": 0.9753086419753086,
      "raw_has_box_rate": 0.9753086419753086,
      "silence_rate": 0.0,
      "gaze_anchor_rate": 1.0,
      "point_hit_rate": 0.9753086419753086,
      "raw_point_hit_rate": 0.19753086419753085,
      "mean_proxy_iou": 0.3755735127379647,
      "raw_mean_proxy_iou": 0.045756875555798215,
      "mean_center_distance_norm": 0.03357698515524154,
      "raw_mean_center_distance_norm": 0.2569610901982957,
      "refinement_applied_rate": 0.7777777777777778,
      "mean_latency_s": 5.9938856234571345,
      "proxy_iou_ge_0_3": 0.5679012345679012,
      "raw_proxy_iou_ge_0_3": 0.04938271604938271,
      "proxy_iou_ge_0_5": 0.2716049382716049,
      "raw_proxy_iou_ge_0_5": 0.0
    }
  },
  "by_qa_type": {
    "causal": {
      "count": 100,
      "accuracy": 0.82,
      "intent_accuracy": 0.82,
      "intent_consistency": 0.82,
      "strict_intent_accuracy": 0.11,
      "completed_rate": 1.0,
      "parsed_answer_rate": 1.0,
      "has_box_rate": 1.0,
      "raw_has_box_rate": 1.0,
      "silence_rate": 0.0,
      "gaze_anchor_rate": 1.0,
      "point_hit_rate": 1.0,
      "raw_point_hit_rate": 0.09,
      "mean_proxy_iou": 0.36896726736833463,
      "raw_mean_proxy_iou": 0.032602813761914214,
      "mean_center_distance_norm": 0.015868901865161066,
      "raw_mean_center_distance_norm": 0.21521932265234195,
      "refinement_applied_rate": 0.91,
      "mean_latency_s": 5.519579043001577,
      "proxy_iou_ge_0_3": 0.55,
      "raw_proxy_iou_ge_0_3": 0.01,
      "proxy_iou_ge_0_5": 0.28,
      "raw_proxy_iou_ge_0_5": 0.0
    },
    "spatial": {
      "count": 100,
      "accuracy": 0.47,
      "intent_accuracy": 0.47,
      "intent_consistency": 0.47,
      "strict_intent_accuracy": 0.01,
      "completed_rate": 1.0,
      "parsed_answer_rate": 1.0,
      "has_box_rate": 1.0,
      "raw_has_box_rate": 1.0,
      "silence_rate": 0.0,
      "gaze_anchor_rate": 1.0,
      "point_hit_rate": 1.0,
      "raw_point_hit_rate": 0.14,
      "mean_proxy_iou": 0.35165195700413193,
      "raw_mean_proxy_iou": 0.055100745395255356,
      "mean_center_distance_norm": 0.011190074637810809,
      "raw_mean_center_distance_norm": 0.16512703199112316,
      "refinement_applied_rate": 0.86,
      "mean_latency_s": 5.80291718399938,
      "proxy_iou_ge_0_3": 0.46,
      "raw_proxy_iou_ge_0_3": 0.06,
      "proxy_iou_ge_0_5": 0.26,
      "raw_proxy_iou_ge_0_5": 0.02
    },
    "temporal": {
      "count": 100,
      "accuracy": 0.4,
      "intent_accuracy": 0.39,
      "intent_consistency": 0.39,
      "strict_intent_accuracy": 0.08,
      "completed_rate": 1.0,
      "parsed_answer_rate": 1.0,
      "has_box_rate": 0.98,
      "raw_has_box_rate": 0.98,
      "silence_rate": 0.0,
      "gaze_anchor_rate": 1.0,
      "point_hit_rate": 0.98,
      "raw_point_hit_rate": 0.1,
      "mean_proxy_iou": 0.3551430880454514,
      "raw_mean_proxy_iou": 0.03379913706283053,
      "mean_center_distance_norm": 0.013365980394357577,
      "raw_mean_center_distance_norm": 0.20434438033078287,
      "refinement_applied_rate": 0.88,
      "mean_latency_s": 5.696590054999978,
      "proxy_iou_ge_0_3": 0.52,
      "raw_proxy_iou_ge_0_3": 0.03,
      "proxy_iou_ge_0_5": 0.24,
      "raw_proxy_iou_ge_0_5": 0.0
    }
  },
  "by_status": {
    "completed": {
      "count": 300,
      "accuracy": 0.5633333333333334,
      "intent_accuracy": 0.56,
      "intent_consistency": 0.56,
      "strict_intent_accuracy": 0.06666666666666667,
      "completed_rate": 1.0,
      "parsed_answer_rate": 1.0,
      "has_box_rate": 0.9933333333333333,
      "raw_has_box_rate": 0.9933333333333333,
      "silence_rate": 0.0,
      "gaze_anchor_rate": 1.0,
      "point_hit_rate": 0.9933333333333333,
      "raw_point_hit_rate": 0.11,
      "mean_proxy_iou": 0.358610553911748,
      "raw_mean_proxy_iou": 0.04054587700628976,
      "mean_center_distance_norm": 0.013475717211222248,
      "raw_mean_center_distance_norm": 0.19483350582806455,
      "refinement_applied_rate": 0.8833333333333333,
      "mean_latency_s": 5.673028760666979,
      "proxy_iou_ge_0_3": 0.51,
      "raw_proxy_iou_ge_0_3": 0.03333333333333333,
      "proxy_iou_ge_0_5": 0.26,
      "raw_proxy_iou_ge_0_5": 0.006666666666666667
    }
  }
}